name_en,name_ar,description_en,description_ar,slug
SHARP,شارب,SHARP,شارب,SHARP
Tornado,تورنيدو,Tornado,تورنيدو,Tornado
Midea,NULL,Midea,NULL,Midea
Carrier,كاريير,Carrier,NULL,Carrier
Galanz,NULL,Galanz,NULL,Galanz
Fresh,فريش,Fresh,فريش,Fresh
LG,ال جي,LG,ال جي,LG
Unionaire,NULL,Unionaire,NULL,Unionaire
Other,اخرى,Other,اخرى,Other
Bajaj,NULL,Bajaj,NULL,Bajaj
TCL,تي سي ال,TCL,تي سي ال,TCL
Cello,NULL,Cello,NULL,Cello
Gree,NULL,Gree,NULL,Gree
Novo Tronic,NULL,Novo Tronic,NULL,Novo-Tronic
Truman,NULL,Truman,NULL,Truman
Castle,كاسيل,Castle,كاسيل,Castle
White Whale,NULL,White Whale,NULL,White-Whale
Symphony,NULL,Symphony,NULL,Symphony
Carino,NULL,Carino,NULL,Carino
AMERICOOL,NULL,AMERICOOL,NULL,AMERICOOL
ARCTIC AIR,NULL,ARCTIC AIR,NULL,ARCTIC-AIR
Nesma,NULL,Nesma,NULL,Nesma
GMG,NULL,GMG,NULL,GMG
Videcon,NULL,Videcon,NULL,Videcon
Miraco Midea,NULL,Miraco Midea,NULL,Miraco-Midea
جى ام جى,NULL,جى ام جى,NULL,جى-ام-جى
__NO_VALUE__,فيفو,__NO_VALUE__,فيفو,NO-VALUE
Glemon,NULL,Glemon,NULL,Glemon
Koldair ,كولدير,Koldair ,كولدير,Koldair
Zanussi,زانوسي,Zanussi,زانوسي,Zanussi
Usha,NULL,Usha,NULL,Usha
York,NULL,York,NULL,York
Hi Tech,NULL,Hi Tech,NULL,Hi-Tech
Canon,كانون,Canon,كانون,Canon
Nikon,NULL,Nikon,NULL,Nikon
Sony,سوني,Sony,سوني,Sony
Fujifilm,NULL,Fujifilm,NULL,Fujifilm
DJI,NULL,DJI,NULL,DJI
IQ&T,NULL,IQ&T,NULL,IQ-T
Eken,NULL,Eken,NULL,Eken
Panasonic,NULL,Panasonic,NULL,Panasonic
EZVIZ,NULL,EZVIZ,NULL,EZVIZ
Aiptek,NULL,Aiptek,NULL,Aiptek
Actioncam,NULL,Actioncam,NULL,Actioncam
Remax,ريماكس,Remax,ريماكس,Remax
Elephone,NULL,Elephone,NULL,Elephone
Leica,NULL,Leica,NULL,Leica
Ricoh,ريكوه,Ricoh,ريكوه,Ricoh
Beko,بيكو,Beko,بيكو,Beko
White Point,NULL,White Point,NULL,White-Point
Ariston,اريستون,Ariston,اريستون,Ariston
Hoover,NULL,Hoover,NULL,Hoover
Indesit,انديست,Indesit,انديست,Indesit
Whirlpool,NULL,Whirlpool,NULL,Whirlpool
White Westinghouse,NULL,White Westinghouse,NULL,White-Westinghouse
Bosch,بوش,Bosch,بوش,Bosch
Samsung,سامسونج,Samsung,سامسونج,Samsung
Brandt,NULL,Brandt,NULL,Brandt
White-Westinghouse,NULL,White-Westinghouse,NULL,White-Westinghouse-59
Smeg,سميج,Smeg,سميج,Smeg
Ocean,NULL,Ocean,NULL,Ocean
Fagor,NULL,Fagor,NULL,Fagor
Klugmann,NULL,Klugmann,NULL,Klugmann
Black & Decker,بلاك اند ديكر,Black & Decker,بلاك اند ديكر,Black-Decker
Toshiba,توشيبا,Toshiba,توشيبا,Toshiba
ATA,NULL,ATA,NULL,ATA
SONAI,NULL,SONAI,NULL,SONAI
carnival,NULL,carnival,NULL,carnival
BEDO,NULL,BEDO,NULL,BEDO
Touch Elzenoki ,NULL,Touch Elzenoki ,NULL,Touch-Elzenoki
Mienta,ميانتا,Mienta,ميانتا,Mienta
Smart,NULL,Smart,NULL,Smart
AKAI,NULL,AKAI,NULL,AKAI
Touch El Zenouki,NULL,Touch El Zenouki,NULL,Touch-El-Zenouki
Touch,NULL,Touch,NULL,Touch
Zada,NULL,Zada,NULL,Zada
Wellsun,ويلسون,Wellsun,ويلسون,Wellsun
Mini Fan,NULL,Mini Fan,NULL,Mini-Fan
Natural Sky,NULL,Natural Sky,NULL,Natural-Sky
TOAO,NULL,TOAO,NULL,TOAO
Cassel,كاسيل,Cassel,كاسيل,Cassel
EBMPAPST,NULL,EBMPAPST,NULL,EBMPAPST
Prifix,NULL,Prifix,NULL,Prifix
Maxel,ماكسيل,Maxel,ماكسيل,Maxel
Touch Elzenouki,NULL,Touch Elzenouki,NULL,Touch-Elzenouki
Noval,NULL,Noval,NULL,Noval
Portable fan,NULL,Portable fan,NULL,Portable-fan
HOHO,NULL,HOHO,NULL,HOHO
Grouhy,NULL,Grouhy,NULL,Grouhy
Nouval,NULL,Nouval,NULL,Nouval
Arion,NULL,Arion,NULL,Arion
Huayang,NULL,Huayang,NULL,Huayang
QG,NULL,QG,NULL,QG
YupFun,NULL,YupFun,NULL,YupFun
wiiguda,NULL,wiiguda,NULL,wiiguda
Dream,NULL,Dream,NULL,Dream
AKAE,NULL,AKAE,NULL,AKAE
I Home,NULL,I Home,NULL,I-Home
Four star,NULL,Four star,NULL,Four-star
Zeven,NULL,Zeven,NULL,Zeven
More,مور,More,مور,More
LiLeng,NULL,LiLeng,NULL,LiLeng
Kumtel,NULL,Kumtel,NULL,Kumtel
Home Tech,NULL,Home Tech,NULL,Home-Tech
EGA,NULL,EGA,NULL,EGA
Ultra,الترا,Ultra,الترا,Ultra
First One,NULL,First One,NULL,First-One
Rivera ,NULL,Rivera ,NULL,Rivera
Leaf,NULL,Leaf,NULL,Leaf
iHome,NULL,iHome,NULL,iHome
Bravo,NULL,Bravo,NULL,Bravo
Palito,NULL,Palito,NULL,Palito
Valco,NULL,Valco,NULL,Valco
Anpress,NULL,Anpress,NULL,Anpress
White tree,NULL,White tree,NULL,White-tree
kian,NULL,kian,NULL,kian
Nautical,NULL,Nautical,NULL,Nautical
Home,هوم,Home,هوم,Home
Starget,NULL,Starget,NULL,Starget
Black and White,NULL,Black and White,NULL,Black-and-White
Auto cool,NULL,Auto cool,NULL,Auto-cool
Infinix,انفنيكس,Infinix,انفنيكس,Infinix
Life,NULL,Life,NULL,Life
Olympic,اوليمبيك,Olympic,اوليمبيك,Olympic
Krawn,NULL,Krawn,NULL,Krawn
JEC,NULL,JEC,NULL,JEC
Power Electric,NULL,Power Electric,NULL,Power-Electric
OEM,NULL,OEM,NULL,OEM
General Tech,NULL,General Tech,NULL,General-Tech
Xiaomi,شاومي,Xiaomi,شاومي,Xiaomi
Sinbo,NULL,Sinbo,NULL,Sinbo
Novovent,NULL,Novovent,NULL,Novovent
Jac,جاك,Jac,جاك,Jac
elwalid house,NULL,elwalid house,NULL,elwalid-house
Touch Elzenoky ,NULL,Touch Elzenoky ,NULL,Touch-Elzenoky
A tick,NULL,A tick,NULL,A-tick
Univercell,NULL,Univercell,NULL,Univercell
Touch El Zenouky,NULL,Touch El Zenouky,NULL,Touch-El-Zenouky
Cabo,NULL,Cabo,NULL,Cabo
WINGS,NULL,WINGS,NULL,WINGS
S&P,NULL,S&P,NULL,S-P
HUMAX,هيوماكس,HUMAX,هيوماكس,HUMAX
General,NULL,General,NULL,General
Muzz,NULL,Muzz,NULL,Muzz
Grandi,NULL,Grandi,NULL,Grandi
Logo,NULL,Logo,NULL,Logo
Nova,NULL,Nova,NULL,Nova
Mini-Fan,NULL,Mini-Fan,NULL,Mini-Fan-148
Tobi Quick,NULL,Tobi Quick,NULL,Tobi-Quick
Nikai,نيكاي,Nikai,نيكاي,Nikai
Grrouhy,NULL,Grrouhy,NULL,Grrouhy
Elba,ايلبا,Elba,ايلبا,Elba
Modern Home,NULL,Modern Home,NULL,Modern-Home
Crony,NULL,Crony,NULL,Crony
Willson,NULL,Willson,NULL,Willson
JR,NULL,JR,NULL,JR
WK,NULL,WK,NULL,WK
Alfa,NULL,Alfa,NULL,Alfa
commonwealth,NULL,commonwealth,NULL,commonwealth
HBM,NULL,HBM,NULL,HBM
Wansa,NULL,Wansa,NULL,Wansa
Sasho,NULL,Sasho,NULL,Sasho
Ctvison,NULL,Ctvison,NULL,Ctvison
Autocare,NULL,Autocare,NULL,Autocare
Elica,NULL,Elica,NULL,Elica
Shamel,NULL,Shamel,NULL,Shamel
GTrade,NULL,GTrade,NULL,GTrade
Tefal,تيفال,Tefal,تيفال,Tefal
Philips,فيليبس,Philips,فيليبس,Philips
Kenwood,كينوود,Kenwood,كينوود,Kenwood
Braun,براون,Braun,براون,Braun
FLYMEI,NULL,FLYMEI,NULL,FLYMEI
Sokany,NULL,Sokany,NULL,Sokany
Black and Decker,NULL,Black and Decker,NULL,Black-and-Decker
Ariete,اريت,Ariete,اريت,Ariete
TOBI,NULL,TOBI,NULL,TOBI
هوم,NULL,هوم,NULL,هوم
Saturn,NULL,Saturn,NULL,Saturn
Media Tech,ميديا تك,Media Tech,ميديا تك,Media-Tech
K-SKIN,NULL,K-SKIN,NULL,K-SKIN
Taurus,NULL,Taurus,NULL,Taurus
Super Sound ,NULL,Super Sound ,NULL,Super-Sound
Touch El-zenouki ,NULL,Touch El-zenouki ,NULL,Touch-El-zenouki-183
First Dry,NULL,First Dry,NULL,First-Dry
Rose,NULL,Rose,NULL,Rose
Moonligt,NULL,Moonligt,NULL,Moonligt
Harvey,NULL,Harvey,NULL,Harvey
Akira,NULL,Akira,NULL,Akira
Airon,NULL,Airon,NULL,Airon
moon light,NULL,moon light,NULL,moon-light
Sanford,NULL,Sanford,NULL,Sanford
Arzum,اروزم,Arzum,اروزم,Arzum
Modex,NULL,Modex,NULL,Modex
Sonifer,NULL,Sonifer,NULL,Sonifer
Solac,NULL,Solac,NULL,Solac
Impex,NULL,Impex,NULL,Impex
DSP,دي اسي بي,DSP,دي اسي بي,DSP
A-B,NULL,A-B,NULL,A-B
Luxell,NULL,Luxell,NULL,Luxell
Palson,NULL,Palson,NULL,Palson
King,NULL,King,NULL,King
Sh Alfath,NULL,Sh Alfath,NULL,Sh-Alfath
Primera,NULL,Primera,NULL,Primera
Arshia,NULL,Arshia,NULL,Arshia
Maida,NULL,Maida,NULL,Maida
SEM,NULL,SEM,NULL,SEM
Castel,NULL,Castel,NULL,Castel
Binatone,NULL,Binatone,NULL,Binatone
Campomatic,NULL,Campomatic,NULL,Campomatic
Zahran,زهران,Zahran,زهران,Zahran
Flamngo,NULL,Flamngo,NULL,Flamngo
Speed,NULL,Speed,NULL,Speed
Pasha,NULL,Pasha,NULL,Pasha
El-Andalos,NULL,El-Andalos,NULL,El-Andalos
Sencor,NULL,Sencor,NULL,Sencor
Grand Electric,NULL,Grand Electric,NULL,Grand-Electric
City,NULL,City,NULL,City
Deemax,NULL,Deemax,NULL,Deemax
EasyTech,NULL,EasyTech,NULL,EasyTech
Zoom,NULL,Zoom,NULL,Zoom
Pedrini,NULL,Pedrini,NULL,Pedrini
Zinox,NULL,Zinox,NULL,Zinox
WnGreat,NULL,WnGreat,NULL,WnGreat
The King,NULL,The King,NULL,The-King
GTEC,NULL,GTEC,NULL,GTEC
n/a,NULL,n/a,NULL,n-a
AGA,NULL,AGA,NULL,AGA
Deal,NULL,Deal,NULL,Deal
ElHARMAIN,NULL,ElHARMAIN,NULL,ElHARMAIN
Kumtel I Home,كومتيل اي هوم,Kumtel I Home,كومتيل اي هوم,Kumtel-I-Home
Sarikaya,NULL,Sarikaya,NULL,Sarikaya
Younesteel,NULL,Younesteel,NULL,Younesteel
Nationel,NULL,Nationel,NULL,Nationel
Aga group,NULL,Aga group,NULL,Aga-group
Geepas,NULL,Geepas,NULL,Geepas
Star,NULL,Star,NULL,Star
Hyper,NULL,Hyper,NULL,Hyper
Super House,NULL,Super House,NULL,Super-House
Homeart,NULL,Homeart,NULL,Homeart
Magic Star,NULL,Magic Star,NULL,Magic-Star
TOLON,NULL,TOLON,NULL,TOLON
Fourstar ,NULL,Fourstar ,NULL,Fourstar
Sparrow,NULL,Sparrow,NULL,Sparrow
Bodum,NULL,Bodum,NULL,Bodum
Saachi,NULL,Saachi,NULL,Saachi
ِALHRMAIN,NULL,ِALHRMAIN,NULL,ALHRMAIN
Home Electric,NULL,Home Electric,NULL,Home-Electric
Generic,جينيرك,Generic,جينيرك,Generic
DLC,NULL,DLC,NULL,DLC
Nishica,NULL,Nishica,NULL,Nishica
Mylong,NULL,Mylong,NULL,Mylong
EVC-332,NULL,EVC-332,NULL,EVC-332
Tornedo,NULL,Tornedo,NULL,Tornedo
Flamingo,NULL,Flamingo,NULL,Flamingo
Royalty line,NULL,Royalty line,NULL,Royalty-line
El Waleed,NULL,El Waleed,NULL,El-Waleed
GRACE,NULL,GRACE,NULL,GRACE
Medmax,NULL,Medmax,NULL,Medmax
Egyptian,NULL,Egyptian,NULL,Egyptian
Orit,NULL,Orit,NULL,Orit
Hoor,NULL,Hoor,NULL,Hoor
G Tec,NULL,G Tec,NULL,G-Tec
PRIMO,NULL,PRIMO,NULL,PRIMO
jumbo,NULL,jumbo,NULL,jumbo
Profi Cook,NULL,Profi Cook,NULL,Profi-Cook
HE,NULL,HE,NULL,HE
Famingo,NULL,Famingo,NULL,Famingo
Artec,NULL,Artec,NULL,Artec
Sunnex,NULL,Sunnex,NULL,Sunnex
Scarlett,NULL,Scarlett,NULL,Scarlett
Turmix,NULL,Turmix,NULL,Turmix
Al-Andalos,NULL,Al-Andalos,NULL,Al-Andalos
backlit,NULL,backlit,NULL,backlit
Logitech,لوجيتك,Logitech,لوجيتك,Logitech
HyperX,NULL,HyperX,NULL,HyperX
ZERO,NULL,ZERO,NULL,ZERO
HP,اتش بي,HP,اتش بي,HP
RII,NULL,RII,NULL,RII
Redragon,ريدراجون,Redragon,ريدراجون,Redragon
2B,2B,2B,2B,2B
Marvo,NULL,Marvo,NULL,Marvo
Manhattan,NULL,Manhattan,NULL,Manhattan
Admin Technology,NULL,Admin Technology,NULL,Admin-Technology
Gigamax,NULL,Gigamax,NULL,Gigamax
Crystal,NULL,Crystal,NULL,Crystal
Interlink,NULL,Interlink,NULL,Interlink
Aula,NULL,Aula,NULL,Aula
iconz,ايكونز,iconz,ايكونز,iconz
TECHNO ZONE,NULL,TECHNO ZONE,NULL,TECHNO-ZONE
MCU,NULL,MCU,NULL,MCU
iPazzPort,NULL,iPazzPort,NULL,iPazzPort
I-Rock,I-Rock,I-Rock,I-Rock,I-Rock
Jeqang,NULL,Jeqang,NULL,Jeqang
A4Tech,NULL,A4Tech,NULL,A4Tech
Jertech,NULL,Jertech,NULL,Jertech
GooBang Doo,NULL,GooBang Doo,NULL,GooBang-Doo
Dell,ديل,Dell,ديل,Dell
Microsoft,مايكروسوفت,Microsoft,مايكروسوفت,Microsoft
Genius,NULL,Genius,NULL,Genius
Rapoo,NULL,Rapoo,NULL,Rapoo
GIGA MAX,NULL,GIGA MAX,NULL,GIGA-MAX
Lenovo,لينوفو,Lenovo,لينوفو,Lenovo
FOREV,NULL,FOREV,NULL,FOREV
Vesta,NULL,Vesta,NULL,Vesta
Riitek,NULL,Riitek,NULL,Riitek
backliht,NULL,backliht,NULL,backliht
GAMMA,NULL,GAMMA,NULL,GAMMA
FOREEV,NULL,FOREEV,NULL,FOREEV
yishe,NULL,yishe,NULL,yishe
LAVA,NULL,LAVA,NULL,LAVA
Alienware,NULL,Alienware,NULL,Alienware
Apple,NULL,Apple,NULL,Apple
Dowin,NULL,Dowin,NULL,Dowin
HOOD,هوود,HOOD,هوود,HOOD
Promate,NULL,Promate,NULL,Promate
HAVIT,NULL,HAVIT,NULL,HAVIT
Corsair,NULL,Corsair,NULL,Corsair
Cooler Master,NULL,Cooler Master,NULL,Cooler-Master
Razer,NULL,Razer,NULL,Razer
Genesis,NULL,Genesis,NULL,Genesis
Crash,NULL,Crash,NULL,Crash
Xunfox,NULL,Xunfox,NULL,Xunfox
T-Dagger,NULL,T-Dagger,NULL,T-Dagger
R9,NULL,R9,NULL,R9
Dob,دوب,Dob,دوب,Dob
Bloody,NULL,Bloody,NULL,Bloody
ATick,NULL,ATick,NULL,ATick
Utopia,NULL,Utopia,NULL,Utopia
Speedlink,NULL,Speedlink,NULL,Speedlink
Banruo,NULL,Banruo,NULL,Banruo
VD,NULL,VD,NULL,VD
SHARK,NULL,SHARK,NULL,SHARK
SUMTAX,NULL,SUMTAX,NULL,SUMTAX
IREALIST,NULL,IREALIST,NULL,IREALIST
MC Saite,NULL,MC Saite,NULL,MC-Saite
MSI,NULL,MSI,NULL,MSI
Terminator,NULL,Terminator,NULL,Terminator
Golden Tech,NULL,Golden Tech,NULL,Golden-Tech
Cougar,NULL,Cougar,NULL,Cougar
Yes-Original,NULL,Yes-Original,NULL,Yes-Original
3anruo,NULL,3anruo,NULL,3anruo
Nastech,NULL,Nastech,NULL,Nastech
Simple Teck,NULL,Simple Teck,NULL,Simple-Teck
E-Train,اي-ترين,E-Train,اي-ترين,E-Train
Yindiao,NULL,Yindiao,NULL,Yindiao
ET,NULL,ET,NULL,ET
Measy,NULL,Measy,NULL,Measy
Acer,ايسر,Acer,ايسر,Acer
MX,NULL,MX,NULL,MX
MC-Saite,NULL,MC-Saite,NULL,MC-Saite-350
Star Electronics,NULL,Star Electronics,NULL,Star-Electronics
Extra,NULL,Extra,NULL,Extra
Unikey,NULL,Unikey,NULL,Unikey
Seenda,NULL,Seenda,NULL,Seenda
G-Tech,NULL,G-Tech,NULL,G-Tech
Turnado,NULL,Turnado,NULL,Turnado
Thermaltake,NULL,Thermaltake,NULL,Thermaltake
Pravix,NULL,Pravix,NULL,Pravix
I8,NULL,I8,NULL,I8
AC,NULL,AC,NULL,AC
Miniso,NULL,Miniso,NULL,Miniso
Ttesports,NULL,Ttesports,NULL,Ttesports
Mr. Max,NULL,Mr. Max,NULL,Mr-Max
SteelSeries,NULL,SteelSeries,NULL,SteelSeries
Avatto,NULL,Avatto,NULL,Avatto
meetion,NULL,meetion,NULL,meetion
Evertech,NULL,Evertech,NULL,Evertech
EWEADN,NULL,EWEADN,NULL,EWEADN
I Store,NULL,I Store,NULL,I-Store
Nano Classic,NULL,Nano Classic,NULL,Nano-Classic
Minix,NULL,Minix,NULL,Minix
Aone,NULL,Aone,NULL,Aone
VXL,NULL,VXL,NULL,VXL
YooGoo,NULL,YooGoo,NULL,YooGoo
Casio,NULL,Casio,NULL,Casio
XPG,NULL,XPG,NULL,XPG
7KEYS,NULL,7KEYS,NULL,7KEYS
Skype,NULL,Skype,NULL,Skype
Roccat,NULL,Roccat,NULL,Roccat
I-Rocks,NULL,I-Rocks,NULL,I-Rocks
WooYi,NULL,WooYi,NULL,WooYi
IBM,NULL,IBM,NULL,IBM
Eazynet,NULL,Eazynet,NULL,Eazynet
AORUS,NULL,AORUS,NULL,AORUS
Cateck,NULL,Cateck,NULL,Cateck
Gigabyte,NULL,Gigabyte,NULL,Gigabyte
Satelite,NULL,Satelite,NULL,Satelite
Satellite,NULL,Satellite,NULL,Satellite
JEDEL,NULL,JEDEL,NULL,JEDEL
Porodo,NULL,Porodo,NULL,Porodo
First,NULL,First,NULL,First
Nanxia,NULL,Nanxia,NULL,Nanxia
Nums,NULL,Nums,NULL,Nums
Aopen,NULL,Aopen,NULL,Aopen
Cherry,NULL,Cherry,NULL,Cherry
Asus,اسوس,Asus,اسوس,Asus
RCA,NULL,RCA,NULL,RCA
Sary,NULL,Sary,NULL,Sary
S.Smart,NULL,S.Smart,NULL,S-Smart
Caira,NULL,Caira,NULL,Caira
Franke,فرانكي,Franke,فرانكي,Franke
Daewoo,NULL,Daewoo,NULL,Daewoo
AEG,NULL,AEG,NULL,AEG
سمارت,NULL,سمارت,NULL,سمارت
Genwex,NULL,Genwex,NULL,Genwex
Nokia,نوكيا,Nokia,نوكيا,Nokia
HTC,NULL,HTC,NULL,HTC
Huawei,هواوي,Huawei,هواوي,Huawei
Alcatel,الكاتيل,Alcatel,الكاتيل,Alcatel
OnePlus,NULL,OnePlus,NULL,OnePlus
Honor,NULL,Honor,NULL,Honor
Realme,ريلمي,Realme,ريلمي,Realme
ITEL,NULL,ITEL,NULL,ITEL
Meizu,NULL,Meizu,NULL,Meizu
OPPO,اوبو,OPPO,اوبو,OPPO
Tecno,NULL,Tecno,NULL,Tecno
Sico,سيكو,Sico,سيكو,Sico
Vivo,فيفو,Vivo,فيفو,Vivo
Soda,صودا,Soda,صودا,Soda
Zte,NULL,Zte,NULL,Zte
IKU,NULL,IKU,NULL,IKU
Micromax,مايكروماكس,Micromax,مايكروماكس,Micromax
Hisense,NULL,Hisense,NULL,Hisense
Energizer,NULL,Energizer,NULL,Energizer
GiraSole,NULL,GiraSole,NULL,GiraSole
One Click,NULL,One Click,NULL,One-Click
L8Star,NULL,L8Star,NULL,L8Star
wiko,NULL,wiko,NULL,wiko
iBRIT,NULL,iBRIT,NULL,iBRIT
VIWA,NULL,VIWA,NULL,VIWA
Mtouch,NULL,Mtouch,NULL,Mtouch
OneClick,NULL,OneClick,NULL,OneClick
Darago,NULL,Darago,NULL,Darago
Kimfly,NULL,Kimfly,NULL,Kimfly
Hope,NULL,Hope,NULL,Hope
Blackview,NULL,Blackview,NULL,Blackview
SMTEL,NULL,SMTEL,NULL,SMTEL
Coolpad,NULL,Coolpad,NULL,Coolpad
Kgtel,NULL,Kgtel,NULL,Kgtel
L8 Star,NULL,L8 Star,NULL,L8-Star
iMobily,NULL,iMobily,NULL,iMobily
iMax,NULL,iMax,NULL,iMax
Cat,NULL,Cat,NULL,Cat
Doogee,NULL,Doogee,NULL,Doogee
BLU,NULL,BLU,NULL,BLU
Orange,NULL,Orange,NULL,Orange
S-Color,NULL,S-Color,NULL,S-Color
Oale,NULL,Oale,NULL,Oale
Motorola,NULL,Motorola,NULL,Motorola
Freetel,NULL,Freetel,NULL,Freetel
HXSJ,NULL,HXSJ,NULL,HXSJ
XO,NULL,XO,NULL,XO
Microsmart,NULL,Microsmart,NULL,Microsmart
Boofab,NULL,Boofab,NULL,Boofab
E-Stone,NULL,E-Stone,NULL,E-Stone
iMice,NULL,iMice,NULL,iMice
Xtech,NULL,Xtech,NULL,Xtech
VicTsing,NULL,VicTsing,NULL,VicTsing
Speed Link,NULL,Speed Link,NULL,Speed-Link
Weibo,NULL,Weibo,NULL,Weibo
Tenmos,NULL,Tenmos,NULL,Tenmos
Media-Tech,NULL,Media-Tech,NULL,Media-Tech-462
Sades,NULL,Sades,NULL,Sades
Aspire,NULL,Aspire,NULL,Aspire
Golden King,NULL,Golden King,NULL,Golden-King
GCLEXUS,NULL,GCLEXUS,NULL,GCLEXUS
Leishe,NULL,Leishe,NULL,Leishe
Porsh,NULL,Porsh,NULL,Porsh
VC Worth,NULL,VC Worth,NULL,VC-Worth
Mercury,NULL,Mercury,NULL,Mercury
Tiger,تايجر,Tiger,تايجر,Tiger
Aobida,NULL,Aobida,NULL,Aobida
YAFOX,NULL,YAFOX,NULL,YAFOX
Level,NULL,Level,NULL,Level
Avenue,NULL,Avenue,NULL,Avenue
Divipard,NULL,Divipard,NULL,Divipard
Spirit of Gamer,NULL,Spirit of Gamer,NULL,Spirit-of-Gamer
Aigo,NULL,Aigo,NULL,Aigo
Worth,NULL,Worth,NULL,Worth
uhruru,NULL,uhruru,NULL,uhruru
Steel Series,NULL,Steel Series,NULL,Steel-Series
R8,NULL,R8,NULL,R8
A-Tick,ايه-تيك,A-Tick,ايه-تيك,A-Tick-483
Glorious,NULL,Glorious,NULL,Glorious
Hanstead,NULL,Hanstead,NULL,Hanstead
LIT BLADE,NULL,LIT BLADE,NULL,LIT-BLADE
ZUOYA,NULL,ZUOYA,NULL,ZUOYA
Acme,NULL,Acme,NULL,Acme
Holife,NULL,Holife,NULL,Holife
7D,NULL,7D,NULL,7D
Aoyeah,NULL,Aoyeah,NULL,Aoyeah
BENGOO,NULL,BENGOO,NULL,BENGOO
Apedra,NULL,Apedra,NULL,Apedra
FRIWOL,NULL,FRIWOL,NULL,FRIWOL
Sunny,NULL,Sunny,NULL,Sunny
Zelotes,NULL,Zelotes,NULL,Zelotes
LIMEME,NULL,LIMEME,NULL,LIMEME
Jiexin,NULL,Jiexin,NULL,Jiexin
Keywin,NULL,Keywin,NULL,Keywin
Aleesh,NULL,Aleesh,NULL,Aleesh
اكس او,NULL,اكس او,NULL,اكس-او
FLYBY,NULL,FLYBY,NULL,FLYBY
zornwee,NULL,zornwee,NULL,zornwee
ZED,NULL,ZED,NULL,ZED
optical,NULL,optical,NULL,optical
Logy star,NULL,Logy star,NULL,Logy-star
Gaming Mouse,NULL,Gaming Mouse,NULL,Gaming-Mouse
LDS,NULL,LDS,NULL,LDS
UHURU,NULL,UHURU,NULL,UHURU
Umax,NULL,Umax,NULL,Umax
Dpi,NULL,Dpi,NULL,Dpi
Kingangjia,NULL,Kingangjia,NULL,Kingangjia
Grand,NULL,Grand,NULL,Grand
Phantom,NULL,Phantom,NULL,Phantom
iRocks,NULL,iRocks,NULL,iRocks
Dpl,NULL,Dpl,NULL,Dpl
KINBAS,NULL,KINBAS,NULL,KINBAS
2.4Ghz,NULL,2.4Ghz,NULL,2-4Ghz
LORERAN,NULL,LORERAN,NULL,LORERAN
Sowtech,NULL,Sowtech,NULL,Sowtech
Smile,NULL,Smile,NULL,Smile
ATIK,NULL,ATIK,NULL,ATIK
MIRUN,NULL,MIRUN,NULL,MIRUN
Ingen,NULL,Ingen,NULL,Ingen
Leshe,NULL,Leshe,NULL,Leshe
JX,NULL,JX,NULL,JX
eTrain,اي ترين,eTrain,اي ترين,eTrain
LanHear,NULL,LanHear,NULL,LanHear
Xike,NULL,Xike,NULL,Xike
Speedy,NULL,Speedy,NULL,Speedy
Fantech,NULL,Fantech,NULL,Fantech
Soua,NULL,Soua,NULL,Soua
LENRUE,NULL,LENRUE,NULL,LENRUE
Rappo,NULL,Rappo,NULL,Rappo
NEWMEN,NULL,NEWMEN,NULL,NEWMEN
Vantech,NULL,Vantech,NULL,Vantech
Luom,NULL,Luom,NULL,Luom
Idream,NULL,Idream,NULL,Idream
Wolfking,NULL,Wolfking,NULL,Wolfking
Gamdias,NULL,Gamdias,NULL,Gamdias
Zrero,NULL,Zrero,NULL,Zrero
Daffodil,NULL,Daffodil,NULL,Daffodil
HC Elromany,NULL,HC Elromany,NULL,HC-Elromany
Ajazz,NULL,Ajazz,NULL,Ajazz
New men,NULL,New men,NULL,New-men
Cirkuit Planet,NULL,Cirkuit Planet,NULL,Cirkuit-Planet
iTech,NULL,iTech,NULL,iTech
Motospeed,NULL,Motospeed,NULL,Motospeed
MESSBON,NULL,MESSBON,NULL,MESSBON
Targus,NULL,Targus,NULL,Targus
One tech,NULL,One tech,NULL,One-tech
Digital,NULL,Digital,NULL,Digital
Everplus,NULL,Everplus,NULL,Everplus
Inphic,NULL,Inphic,NULL,Inphic
SANGEE,NULL,SANGEE,NULL,SANGEE
Hama,NULL,Hama,NULL,Hama
K-Snake,NULL,K-Snake,NULL,K-Snake
I Life,NULL,I Life,NULL,I-Life
Compaq,NULL,Compaq,NULL,Compaq
Smart Station,NULL,Smart Station,NULL,Smart-Station
Fujitsu,فوجيتسو,Fujitsu,فوجيتسو,Fujitsu
i-Life,NULL,i-Life,NULL,i-Life-562
Xprinter,X برينتر,Xprinter,X برينتر,Xprinter
Epson,ابسون,Epson,ابسون,Epson
Zebra,زيبرا,Zebra,زيبرا,Zebra
SPRT,اس بي ار تي,SPRT,اس بي ار تي,SPRT
Zonerich,NULL,Zonerich,NULL,Zonerich
Hoin,NULL,Hoin,NULL,Hoin
Xerox,NULL,Xerox,NULL,Xerox
Brother,برذر,Brother,برذر,Brother
INSTAX,NULL,INSTAX,NULL,INSTAX
X-Printer,NULL,X-Printer,NULL,X-Printer
Bixolon,بكسولن,Bixolon,بكسولن,Bixolon
Lexmark,NULL,Lexmark,NULL,Lexmark
Dymo,NULL,Dymo,NULL,Dymo
Hi-Secure,NULL,Hi-Secure,NULL,Hi-Secure
RONGTA,NULL,RONGTA,NULL,RONGTA
GSAN,NULL,GSAN,NULL,GSAN
ACOM,NULL,ACOM,NULL,ACOM
OKI,NULL,OKI,NULL,OKI
HPRT,NULL,HPRT,NULL,HPRT
Evolis,NULL,Evolis,NULL,Evolis
BESHENG,NULL,BESHENG,NULL,BESHENG
Argox,NULL,Argox,NULL,Argox
هوين,NULL,هوين,NULL,هوين
freesub,NULL,freesub,NULL,freesub
WELQUIC,NULL,WELQUIC,NULL,WELQUIC
FARGO,NULL,FARGO,NULL,FARGO
HEIDI,NULL,HEIDI,NULL,HEIDI
LINXUAN LASER,NULL,LINXUAN LASER,NULL,LINXUAN-LASER
Passap,NULL,Passap,NULL,Passap
Electrostar,الكتروستار,Electrostar,الكتروستار,Electrostar
Hamburg,NULL,Hamburg,NULL,Hamburg
Kiriazi,كريازى,Kiriazi,كريازى,Kiriazi
W.ALASKA,NULL,W.ALASKA,NULL,W-ALASKA
Penguin,NULL,Penguin,NULL,Penguin
Ideal,NULL,Ideal,NULL,Ideal
Haier,هاير,Haier,هاير,Haier
W Alaska,NULL,W Alaska,NULL,W-Alaska-599
Walaska,NULL,Walaska,NULL,Walaska
LIEBHERR,NULL,LIEBHERR,NULL,LIEBHERR
Iris,NULL,Iris,NULL,Iris
DataLogic,داتا لوجيك,DataLogic,داتا لوجيك,DataLogic
Plustek,NULL,Plustek,NULL,Plustek
YEPOO,NULL,YEPOO,NULL,YEPOO
Mustek,NULL,Mustek,NULL,Mustek
POSIFLEX,NULL,POSIFLEX,NULL,POSIFLEX
Atlantis,NULL,Atlantis,NULL,Atlantis
Avision,NULL,Avision,NULL,Avision
Honeywell,هوني ويل,Honeywell,هوني ويل,Honeywell
Skmei,NULL,Skmei,NULL,Skmei
M4 BAND,NULL,M4 BAND,NULL,M4-BAND
Rovtop,NULL,Rovtop,NULL,Rovtop
Smartin,NULL,Smartin,NULL,Smartin
Amazfit,NULL,Amazfit,NULL,Amazfit
Fossil,NULL,Fossil,NULL,Fossil
T5 Pro,NULL,T5 Pro,NULL,T5-Pro
IXIU,NULL,IXIU,NULL,IXIU
Wonlex,NULL,Wonlex,NULL,Wonlex
Fantime,NULL,Fantime,NULL,Fantime
OEM/ODM,NULL,OEM/ODM,NULL,OEM-ODM
G-Tab,NULL,G-Tab,NULL,G-Tab
smart watch,NULL,smart watch,NULL,smart-watch
Smartwatch,NULL,Smartwatch,NULL,Smartwatch
Tatch,NULL,Tatch,NULL,Tatch
DT NO.1,NULL,DT NO.1,NULL,DT-NO-1
Lumen,NULL,Lumen,NULL,Lumen
Derta,NULL,Derta,NULL,Derta
Lacoste,NULL,Lacoste,NULL,Lacoste
Michael Kors,NULL,Michael Kors,NULL,Michael-Kors
Martian,NULL,Martian,NULL,Martian
Movado,NULL,Movado,NULL,Movado
Modio,NULL,Modio,NULL,Modio
Atouch,NULL,Atouch,NULL,Atouch
Point Of View,NULL,Point Of View,NULL,Point-Of-View
Contex,NULL,Contex,NULL,Contex
Skyline,NULL,Skyline,NULL,Skyline
View,NULL,View,NULL,View
SQ,NULL,SQ,NULL,SQ
Konka,NULL,Konka,NULL,Konka
Syinix,سينكس,Syinix,سينكس,Syinix
MG,NULL,MG,NULL,MG
EG,NULL,EG,NULL,EG
Drake,NULL,Drake,NULL,Drake
Astra,استرا,Astra,استرا,Astra
G-Hanz,NULL,G-Hanz,NULL,G-Hanz
Grando,NULL,Grando,NULL,Grando
Hitachi,هيتاشي,Hitachi,هيتاشي,Hitachi
Karcher,NULL,Karcher,NULL,Karcher
Bissell,NULL,Bissell,NULL,Bissell
Roborock,NULL,Roborock,NULL,Roborock
Swivel,NULL,Swivel,NULL,Swivel
swivel sweeper,NULL,swivel sweeper,NULL,swivel-sweeper
Koopman,NULL,Koopman,NULL,Koopman
Arsevi,NULL,Arsevi,NULL,Arsevi
H2O,NULL,H2O,NULL,H2O
Kaercher,NULL,Kaercher,NULL,Kaercher
Monlove,NULL,Monlove,NULL,Monlove
WO TION,NULL,WO TION,NULL,WO-TION
hurrican,NULL,hurrican,NULL,hurrican
Sylvertec,NULL,Sylvertec,NULL,Sylvertec
xtreme,NULL,xtreme,NULL,xtreme
WTONG,NULL,WTONG,NULL,WTONG
First1,NULL,First1,NULL,First1
Arrilesaan,NULL,Arrilesaan,NULL,Arrilesaan
Gemei,NULL,Gemei,NULL,Gemei
Beem,NULL,Beem,NULL,Beem
Shangsho,NULL,Shangsho,NULL,Shangsho
Erbschloe,NULL,Erbschloe,NULL,Erbschloe
Curious Cat,NULL,Curious Cat,NULL,Curious-Cat
Expource,NULL,Expource,NULL,Expource
Miele,NULL,Miele,NULL,Miele
Eltropa,NULL,Eltropa,NULL,Eltropa
CROWN,NULL,CROWN,NULL,CROWN
CINDRELLA,NULL,CINDRELLA,NULL,CINDRELLA
Martal,NULL,Martal,NULL,Martal
Nevada,NULL,Nevada,NULL,Nevada
Sweep Robot,NULL,Sweep Robot,NULL,Sweep-Robot
Soteco,NULL,Soteco,NULL,Soteco
dong cheng,NULL,dong cheng,NULL,dong-cheng
Elekta,NULL,Elekta,NULL,Elekta
SuperSound ,NULL,SuperSound ,NULL,SuperSound
LaFour,NULL,LaFour,NULL,LaFour
Group,NULL,Group,NULL,Group
Infiniti,NULL,Infiniti,NULL,Infiniti
Mop,NULL,Mop,NULL,Mop
Candy,NULL,Candy,NULL,Candy
Mabe,NULL,Mabe,NULL,Mabe
Union Tech,NULL,Union Tech,NULL,Union-Tech
Universal,يونيفيرسال,Universal,يونيفيرسال,Universal
2B Technology,تو بي,2B Technology,تو بي,2B-Technology
Puluz,بولوز,Puluz,بولوز,Puluz
LDNIO,ال دي ان اى او,LDNIO,ال دي ان اى او,LDNIO
Wopow,وبو,Wopow,وبو,Wopow
L'avvento,لافينتو,L'avvento,لافينتو,L-avvento
Atlantic,اتلانتك,Atlantic,اتلانتك,Atlantic
Clage,كلاج,Clage,كلاج,Clage
Stiebel eltron,شتيبل الترون,Stiebel eltron,شتيبل الترون,Stiebel-eltron
ETI,اي تي اي,ETI,اي تي اي,ETI
Strong,سترونغ,Strong,سترونغ,Strong
Fox,فوكس,Fox,فوكس,Fox
Mega,ميجا,Mega,ميجا,Mega
Heller,هيلر,Heller,هيلر,Heller
Tank,تانك,Tank,تانك,Tank
Uno,اونو,Uno,اونو,Uno
Moulinex,مولينكس,Moulinex,مولينكس,Moulinex
Arzum Okka,ارزوم اوكا,Arzum Okka,ارزوم اوكا,Arzum-Okka
OKKA,اوكا,OKKA,اوكا,OKKA
Simfer,سيمفر,Simfer,سيمفر,Simfer
Delonghi,ديلونجي,Delonghi,ديلونجي,Delonghi
Ecomatic,ايكوماتيك,Ecomatic,ايكوماتيك,Ecomatic
I-Cook,اي كوك,I-Cook,اي كوك,I-Cook
Union Air,يونيون اير,Union Air,يونيون اير,Union-Air
Salter,سالتر,Salter,سالتر,Salter
Thomson,طومسن,Thomson,طومسن,Thomson
Turboair,تربواير,Turboair,تربواير,Turboair
kingston,كينجستون,kingston,كينجستون,kingston
Lavvento,لافينتو,Lavvento,لافينتو,Lavvento
Ldino,لدينو,Ldino,لدينو,Ldino
Remax Proda,ريماكس برودا,Remax Proda,ريماكس برودا,Remax-Proda
Rukini,روكيني,Rukini,روكيني,Rukini
Sandisk,SanDisk,Sandisk,SanDisk,Sandisk
Level U,ليفل يو,Level U,ليفل يو,Level-U
TP-Link,تي بي-لينك,TP-Link,تي بي-لينك,TP-Link
keyboard tiger kb-403,كيبورد تايجر,keyboard tiger kb-403,كيبورد تايجر,keyboard-tiger-kb-403
Mediatech,ميديا تك,Mediatech,ميديا تك,Mediatech
Beats,بيتس,Beats,بيتس,Beats
JBL,جيه بي ال,JBL,جيه بي ال,JBL
D-Link,دي-لينك,D-Link,دي-لينك,D-Link
tg,تي جي,tg,تي جي,tg
Kisonli,كيسونلي,Kisonli,كيسونلي,Kisonli
Babyliss,بيبي ليس,Babyliss,بيبي ليس,Babyliss
Kemei,كيمي,Kemei,كيمي,Kemei
Moser,موسر,Moser,موسر,Moser
TP Link,تي بي لينك,TP Link,تي بي لينك,TP-Link-735
Linksys,لينكسيس,Linksys,لينكسيس,Linksys
Cisco,سيسكو,Cisco,سيسكو,Cisco
NEC,ان اي سي,NEC,ان اي سي,NEC
BenQ,بنكيو,BenQ,بنكيو,BenQ
Data Logic,داتا لوجيك,Data Logic,داتا لوجيك,Data-Logic
